{
  "captured_at": "2026-05-12T02:47:12.640243+08:00",
  "version_hint": "v60.4.5 + chunk splitting + retry fallback",
  "queries_tested": 8,
  "runs_per_query": 2,
  "total_runs": 16,
  "aggregates": {
    "ttfb_first_analyst": {
      "p50": 4.332493375000922,
      "p95": 11.861455166999804,
      "min": 2.5658795829986047,
      "max": 12.71680175000074
    },
    "ttfb_first_chunk": {
      "p50": 31.4932339374991,
      "p95": 39.10714970900153,
      "min": 20.39009183399685,
      "max": 43.33214924999993
    },
    "ttfb_done": {
      "p50": 36.74583391700071,
      "p95": 48.47978604200034,
      "min": 24.997646250001708,
      "max": 53.57183066700236
    },
    "duration_total": {
      "p50": 36.74586312499923,
      "p95": 48.4798190420006,
      "min": 24.997663417001604,
      "max": 53.57186175000243
    },
    "chunks_per_run": {
      "p50": 330.5,
      "p95": 489,
      "min": 226,
      "max": 857
    },
    "analyst_chunks_per_run": {
      "p50": 261.0,
      "p95": 663,
      "min": 70,
      "max": 762
    }
  },
  "fallback_runs": 0,
  "slow_runs_over_60s": 0
}